vout,vin,div,log,freq,logfreq
4.5199999999999996,2.1200000000000001,2.132075471698113,6.5760514776526122,0.10000000000000001,-0.99999999999999978
4.5199999999999996,2.1200000000000001,2.132075471698113,6.5760514776526122,1,0
4.5199999999999996,2.1200000000000001,2.132075471698113,6.5760514776526122,10,1
3.1200000000000001,2.1200000000000001,1.4716981132075471,3.3563746617938262,100,2
0.38,2.1200000000000001,0.17924528301886791,-14.931045286238824,1000,2.9999999999999996
